﻿<?xml version="1.0" encoding="utf-8"?>
<!--DO NOT EDIT. This document is generated by PSoC Creator design builds.-->
<PSoCCreatorIdeExport Version="1">
  <Device Part="CY8C5888AXI-LP096" Processor="CortexM3" DeviceID="2E160069" />
  <Toolchains>
    <Toolchain Name="ARM GCC Generic" Selected="True">
      <Tool Name="prebuild" Command="" Options="" />
      <Tool Name="assembler" Command="arm-none-eabi-as.exe" Options="-mcpu=cortex-m3 -mthumb -I. -IGenerated_Source\PSoC5 -alh=${OutputDir}/${CompileFile}.lst -g -W" />
      <Tool Name="compiler" Command="arm-none-eabi-gcc.exe" Options="-mcpu=cortex-m3 -mthumb -I.\source\asw -I.\source\bsw -I.\source\bsw\fft_application -I. -IGenerated_Source\PSoC5 -Wa,-alh=${OutputDir}/${CompileFile}.lst -g -D DEBUG -D CY_CORE_ID=0 -D ARM_MATH_CM3 -Wall -ffunction-sections -ffat-lto-objects -Og" />
      <Tool Name="linker" Command="arm-none-eabi-gcc.exe" Options="-mcpu=cortex-m3 -mthumb -l fft_application -l m -L Generated_Source\PSoC5 -L .\source\bsw\fft_application -Wl,-Map,${OutputDir}/${ProjectShortName}.map -T Generated_Source\PSoC5\cm3gcc.ld -specs=nano.specs -Wl,--gc-sections -g -ffunction-sections -Og -ffat-lto-objects" />
      <Tool Name="postbuild" Command="" Options="" />
    </Toolchain>
    <Toolchain Name="ARM MDK Generic" Selected="False">
      <Tool Name="prebuild" Command="" Options="" />
      <Tool Name="assembler" Command="armasm.exe" Options="--cpu=Cortex-M3 --diag_style=gnu --thumb -i. -iGenerated_Source\PSoC5 -g --list=${OutputDir}/${CompileFile}.lst &quot;--predefine=__MICROLIB SETA 1&quot;" />
      <Tool Name="compiler" Command="armcc.exe" Options="--cpu=Cortex-M3 --C99 --diag_style=gnu -I. -IGenerated_Source\PSoC5 --list --signed_chars -g -D DEBUG -D CY_CORE_ID=0 -O0 --split_sections -D__MICROLIB" />
      <Tool Name="linker" Command="armlink.exe" Options="--cpu=Cortex-M3 --diag_style=gnu --no_startup --library_type=microlib --map --list ${OutputDir}/${ProjectShortName}.map --scatter Generated_Source\PSoC5\Cm3RealView.scat" />
      <Tool Name="postbuild" Command="" Options="" />
    </Toolchain>
    <Toolchain Name="ARM IAR Generic" Selected="False">
      <Tool Name="prebuild" Command="" Options="" />
      <Tool Name="assembler" Command="iasmarm.exe" Options="--cpu Cortex-M3 -I. -IGenerated_Source\PSoC5 -s+ -M&lt;&gt; -w+ -r -DDEBUG --fpu None" />
      <Tool Name="compiler" Command="iccarm.exe" Options="--cpu Cortex-M3 -I. -IGenerated_Source\PSoC5 -D DEBUG -D CY_CORE_ID=0 -I. -IGenerated_Source\PSoC5 -D DEBUG -D CY_CORE_ID=0 --no_cse --no_unroll --no_inline --no_code_motion --no_tbaa --no_clustering --no_scheduling --debug --endian=little -e --fpu=None -On --no_wrap_diagnostics" />
      <Tool Name="linker" Command="ilinkarm.exe" Options="--semihosting --entry __iar_program_start --config Generated_Source\PSoC5\Cm3Iar.icf" />
      <Tool Name="postbuild" Command="" Options="" />
    </Toolchain>
  </Toolchains>
  <Project Name="RADAR_Movement_Detector" Path="C:\Users\zakis\Documents\SDHD_LAB\MovementDetector\40_Implementation\20_SW\10_work\MovementDetector\RADAR_Movement_Detector.cydsn" Version="6.0" Type="Normal">
    <CMSIS_SVD_File>RADAR_Movement_Detector.svd</CMSIS_SVD_File>
    <Datasheet />
    <LinkerFiles>
      <LinkerFile Toolchain="ARM GCC Generic">.\Generated_Source\PSoC5\cm3gcc.ld</LinkerFile>
      <LinkerFile Toolchain="ARM MDK Generic">.\Generated_Source\PSoC5\Cm3RealView.scat</LinkerFile>
      <LinkerFile Toolchain="ARM IAR Generic">.\Generated_Source\PSoC5\Cm3Iar.icf</LinkerFile>
    </LinkerFiles>
    <Folders>
      <Folder BuildType="STRICT" Path="C:\Users\zakis\Documents\SDHD_LAB\MovementDetector\40_Implementation\20_SW\10_work\MovementDetector\RADAR_Movement_Detector.cydsn">
        <Files Root="C:\Users\zakis\Documents\SDHD_LAB\MovementDetector\40_Implementation\20_SW\10_work\MovementDetector\RADAR_Movement_Detector.cydsn">
          <File BuildType="BUILD" Toolchain="">source\asw\cyapicallbacks.h</File>
          <File BuildType="BUILD" Toolchain="">source\asw\main.c</File>
          <File BuildType="BUILD" Toolchain="">source\asw\detector.c</File>
          <File BuildType="BUILD" Toolchain="">source\asw\detector.h</File>
          <File BuildType="BUILD" Toolchain="">source\asw\cfar.c</File>
          <File BuildType="BUILD" Toolchain="">source\asw\cfar.h</File>
        </Files>
      </Folder>
      <Folder BuildType="STRICT" Path="C:\Users\zakis\Documents\SDHD_LAB\MovementDetector\40_Implementation\20_SW\10_work\MovementDetector\RADAR_Movement_Detector.cydsn">
        <Files Root="C:\Users\zakis\Documents\SDHD_LAB\MovementDetector\40_Implementation\20_SW\10_work\MovementDetector\RADAR_Movement_Detector.cydsn">
          <File BuildType="BUILD" Toolchain="">source\bsw\led.c</File>
          <File BuildType="BUILD" Toolchain="">source\bsw\led.h</File>
          <File BuildType="BUILD" Toolchain="">source\bsw\derivate.h</File>
          <File BuildType="BUILD" Toolchain="">source\bsw\global.h</File>
          <File BuildType="BUILD" Toolchain="">source\bsw\uart.c</File>
          <File BuildType="BUILD" Toolchain="">source\bsw\uart.h</File>
          <File BuildType="BUILD" Toolchain="">source\bsw\dma.c</File>
          <File BuildType="BUILD" Toolchain="">source\bsw\dma.h</File>
          <File BuildType="BUILD" Toolchain="">source\bsw\dac_adc.c</File>
          <File BuildType="BUILD" Toolchain="">source\bsw\dac_adc.h</File>
        </Files>
      </Folder>
      <Folder BuildType="STRICT" Path="C:\Users\zakis\Documents\SDHD_LAB\MovementDetector\40_Implementation\20_SW\10_work\MovementDetector\RADAR_Movement_Detector.cydsn">
        <Files Root="C:\Users\zakis\Documents\SDHD_LAB\MovementDetector\40_Implementation\20_SW\10_work\MovementDetector\RADAR_Movement_Detector.cydsn">
          <File BuildType="BUILD" Toolchain="">source\bsw\fft_application\arm_common_tables.h</File>
          <File BuildType="BUILD" Toolchain="">source\bsw\fft_application\arm_const_structs.h</File>
          <File BuildType="BUILD" Toolchain="">source\bsw\fft_application\arm_math.h</File>
          <File BuildType="BUILD" Toolchain="">source\bsw\fft_application\fft_application.h</File>
        </Files>
      </Folder>
      <Folder BuildType="STRICT" Path="C:\Users\zakis\Documents\SDHD_LAB\MovementDetector\40_Implementation\20_SW\10_work\MovementDetector\RADAR_Movement_Detector.cydsn\Generated_Source\PSoC5">
        <Files Root="C:\Users\zakis\Documents\SDHD_LAB\MovementDetector\40_Implementation\20_SW\10_work\MovementDetector\RADAR_Movement_Detector.cydsn">
          <File BuildType="BUILD" Toolchain="">Generated_Source\PSoC5\cyfitter_cfg.h</File>
          <File BuildType="BUILD" Toolchain="">Generated_Source\PSoC5\cyfitter_cfg.c</File>
          <File BuildType="BUILD" Toolchain="">Generated_Source\PSoC5\cymetadata.c</File>
          <File BuildType="BUILD" Toolchain="">Generated_Source\PSoC5\cydevice.h</File>
          <File BuildType="BUILD" Toolchain="">Generated_Source\PSoC5\cydevicegnu.inc</File>
          <File BuildType="BUILD" Toolchain="">Generated_Source\PSoC5\cydevicerv.inc</File>
          <File BuildType="BUILD" Toolchain="">Generated_Source\PSoC5\cydeviceiar.inc</File>
          <File BuildType="BUILD" Toolchain="">Generated_Source\PSoC5\cydevice_trm.h</File>
          <File BuildType="BUILD" Toolchain="">Generated_Source\PSoC5\cydevicegnu_trm.inc</File>
          <File BuildType="BUILD" Toolchain="">Generated_Source\PSoC5\cydevicerv_trm.inc</File>
          <File BuildType="BUILD" Toolchain="">Generated_Source\PSoC5\cydeviceiar_trm.inc</File>
          <File BuildType="BUILD" Toolchain="">Generated_Source\PSoC5\cyfittergnu.inc</File>
          <File BuildType="BUILD" Toolchain="">Generated_Source\PSoC5\cyfitterrv.inc</File>
          <File BuildType="BUILD" Toolchain="">Generated_Source\PSoC5\cyfitteriar.inc</File>
          <File BuildType="BUILD" Toolchain="">Generated_Source\PSoC5\cyfitter.h</File>
          <File BuildType="BUILD" Toolchain="">Generated_Source\PSoC5\cydisabledsheets.h</File>
          <File BuildType="BUILD" Toolchain="">Generated_Source\PSoC5\Push_Button_aliases.h</File>
          <File BuildType="BUILD" Toolchain="">Generated_Source\PSoC5\Push_Button.c</File>
          <File BuildType="BUILD" Toolchain="">Generated_Source\PSoC5\Push_Button.h</File>
          <File BuildType="BUILD" Toolchain="ARM GCC Generic">Generated_Source\PSoC5\cm3gcc.ld</File>
          <File BuildType="BUILD" Toolchain="ARM MDK Generic">Generated_Source\PSoC5\Cm3RealView.scat</File>
          <File BuildType="BUILD" Toolchain="">Generated_Source\PSoC5\Cm3Start.c</File>
          <File BuildType="BUILD" Toolchain="">Generated_Source\PSoC5\core_cm3.h</File>
          <File BuildType="BUILD" Toolchain="">Generated_Source\PSoC5\core_cm3_psoc5.h</File>
          <File BuildType="BUILD" Toolchain="ARM GCC Generic">Generated_Source\PSoC5\CyBootAsmGnu.s</File>
          <File BuildType="BUILD" Toolchain="ARM MDK Generic">Generated_Source\PSoC5\CyBootAsmRv.s</File>
          <File BuildType="BUILD" Toolchain="">Generated_Source\PSoC5\CyDmac.c</File>
          <File BuildType="BUILD" Toolchain="">Generated_Source\PSoC5\CyDmac.h</File>
          <File BuildType="BUILD" Toolchain="">Generated_Source\PSoC5\CyFlash.c</File>
          <File BuildType="BUILD" Toolchain="">Generated_Source\PSoC5\CyFlash.h</File>
          <File BuildType="BUILD" Toolchain="">Generated_Source\PSoC5\CyLib.c</File>
          <File BuildType="BUILD" Toolchain="">Generated_Source\PSoC5\CyLib.h</File>
          <File BuildType="BUILD" Toolchain="">Generated_Source\PSoC5\cypins.h</File>
          <File BuildType="BUILD" Toolchain="">Generated_Source\PSoC5\cyPm.c</File>
          <File BuildType="BUILD" Toolchain="">Generated_Source\PSoC5\cyPm.h</File>
          <File BuildType="BUILD" Toolchain="">Generated_Source\PSoC5\CySpc.c</File>
          <File BuildType="BUILD" Toolchain="">Generated_Source\PSoC5\CySpc.h</File>
          <File BuildType="BUILD" Toolchain="">Generated_Source\PSoC5\cytypes.h</File>
          <File BuildType="BUILD" Toolchain="">Generated_Source\PSoC5\cyutils.c</File>
          <File BuildType="BUILD" Toolchain="">Generated_Source\PSoC5\core_cmFunc.h</File>
          <File BuildType="BUILD" Toolchain="">Generated_Source\PSoC5\core_cmInstr.h</File>
          <File BuildType="BUILD" Toolchain="ARM IAR Generic">Generated_Source\PSoC5\Cm3Iar.icf</File>
          <File BuildType="BUILD" Toolchain="ARM IAR Generic">Generated_Source\PSoC5\CyBootAsmIar.s</File>
          <File BuildType="BUILD" Toolchain="">Generated_Source\PSoC5\cmsis_armcc.h</File>
          <File BuildType="BUILD" Toolchain="">Generated_Source\PSoC5\cmsis_gcc.h</File>
          <File BuildType="BUILD" Toolchain="">Generated_Source\PSoC5\cmsis_compiler.h</File>
          <File BuildType="BUILD" Toolchain="">Generated_Source\PSoC5\cy_em_eeprom.c</File>
          <File BuildType="BUILD" Toolchain="">Generated_Source\PSoC5\cy_em_eeprom.h</File>
          <File BuildType="BUILD" Toolchain="">Generated_Source\PSoC5\project.h</File>
          <File BuildType="BUILD" Toolchain="">Generated_Source\PSoC5\cycodeshareimport.ld</File>
          <File BuildType="BUILD" Toolchain="">Generated_Source\PSoC5\cycodeshareexport.ld</File>
          <File BuildType="BUILD" Toolchain="">Generated_Source\PSoC5\cycodeshareimport.scat</File>
          <File BuildType="BUILD" Toolchain="">Generated_Source\PSoC5\ErikaOS_ee.h</File>
          <File BuildType="BUILD" Toolchain="">Generated_Source\PSoC5\ErikaOS_ee_api.inc</File>
          <File BuildType="BUILD" Toolchain="">Generated_Source\PSoC5\ErikaOS_ee_internal.inc</File>
          <File BuildType="BUILD" Toolchain="">Generated_Source\PSoC5\ErikaOS_ee_irq.inc</File>
          <File BuildType="BUILD" Toolchain="">Generated_Source\PSoC5\ErikaOS_ee_os.inc</File>
          <File BuildType="BUILD" Toolchain="">Generated_Source\PSoC5\ErikaOS_ee_rtdruid_versions.inc</File>
          <File BuildType="BUILD" Toolchain="">Generated_Source\PSoC5\ErikaOS_ee_oo_api.inc</File>
          <File BuildType="BUILD" Toolchain="">Generated_Source\PSoC5\ErikaOS_ee_oo_common.inc</File>
          <File BuildType="BUILD" Toolchain="">Generated_Source\PSoC5\ErikaOS_ee_oo_inline.inc</File>
          <File BuildType="BUILD" Toolchain="">Generated_Source\PSoC5\ErikaOS_ee_oo_internal.inc</File>
          <File BuildType="BUILD" Toolchain="">Generated_Source\PSoC5\ErikaOS_ee_oo_intfunc.inc</File>
          <File BuildType="BUILD" Toolchain="">Generated_Source\PSoC5\ErikaOS_ee_oo_irq.inc</File>
          <File BuildType="BUILD" Toolchain="">Generated_Source\PSoC5\ErikaOS_ee_oo_kernel.inc</File>
          <File BuildType="BUILD" Toolchain="">Generated_Source\PSoC5\ErikaOS_ee_activate.c</File>
          <File BuildType="BUILD" Toolchain="">Generated_Source\PSoC5\ErikaOS_ee_alcancel.c</File>
          <File BuildType="BUILD" Toolchain="">Generated_Source\PSoC5\ErikaOS_ee_alget.c</File>
          <File BuildType="BUILD" Toolchain="">Generated_Source\PSoC5\ErikaOS_ee_algetbase.c</File>
          <File BuildType="BUILD" Toolchain="">Generated_Source\PSoC5\ErikaOS_ee_alsetabs.c</File>
          <File BuildType="BUILD" Toolchain="">Generated_Source\PSoC5\ErikaOS_ee_alsetrel.c</File>
          <File BuildType="BUILD" Toolchain="">Generated_Source\PSoC5\ErikaOS_ee_altick.c</File>
          <File BuildType="BUILD" Toolchain="">Generated_Source\PSoC5\ErikaOS_ee_chaintas.c</File>
          <File BuildType="BUILD" Toolchain="">Generated_Source\PSoC5\ErikaOS_ee_evclear.c</File>
          <File BuildType="BUILD" Toolchain="">Generated_Source\PSoC5\ErikaOS_ee_evget.c</File>
          <File BuildType="BUILD" Toolchain="">Generated_Source\PSoC5\ErikaOS_ee_evset.c</File>
          <File BuildType="BUILD" Toolchain="">Generated_Source\PSoC5\ErikaOS_ee_evwait.c</File>
          <File BuildType="BUILD" Toolchain="">Generated_Source\PSoC5\ErikaOS_ee_force_schedule.c</File>
          <File BuildType="BUILD" Toolchain="">Generated_Source\PSoC5\ErikaOS_ee_getcountervalue.c</File>
          <File BuildType="BUILD" Toolchain="">Generated_Source\PSoC5\ErikaOS_ee_getelapsedvalue.c</File>
          <File BuildType="BUILD" Toolchain="">Generated_Source\PSoC5\ErikaOS_ee_gettaskid.c</File>
          <File BuildType="BUILD" Toolchain="">Generated_Source\PSoC5\ErikaOS_ee_gettaskstate.c</File>
          <File BuildType="BUILD" Toolchain="">Generated_Source\PSoC5\ErikaOS_ee_iparam.c</File>
          <File BuildType="BUILD" Toolchain="">Generated_Source\PSoC5\ErikaOS_ee_irqendin.c</File>
          <File BuildType="BUILD" Toolchain="">Generated_Source\PSoC5\ErikaOS_ee_lockres.c</File>
          <File BuildType="BUILD" Toolchain="">Generated_Source\PSoC5\ErikaOS_ee_lookup.c</File>
          <File BuildType="BUILD" Toolchain="">Generated_Source\PSoC5\ErikaOS_ee_rq_exchg.c</File>
          <File BuildType="BUILD" Toolchain="">Generated_Source\PSoC5\ErikaOS_ee_rq_first.c</File>
          <File BuildType="BUILD" Toolchain="">Generated_Source\PSoC5\ErikaOS_ee_rq_inser.c</File>
          <File BuildType="BUILD" Toolchain="">Generated_Source\PSoC5\ErikaOS_ee_schedule.c</File>
          <File BuildType="BUILD" Toolchain="">Generated_Source\PSoC5\ErikaOS_ee_semgetvalue.c</File>
          <File BuildType="BUILD" Toolchain="">Generated_Source\PSoC5\ErikaOS_ee_sempost.c</File>
          <File BuildType="BUILD" Toolchain="">Generated_Source\PSoC5\ErikaOS_ee_semtrywait.c</File>
          <File BuildType="BUILD" Toolchain="">Generated_Source\PSoC5\ErikaOS_ee_semwait.c</File>
          <File BuildType="BUILD" Toolchain="">Generated_Source\PSoC5\ErikaOS_ee_shtdown.c</File>
          <File BuildType="BUILD" Toolchain="">Generated_Source\PSoC5\ErikaOS_ee_startos.c</File>
          <File BuildType="BUILD" Toolchain="">Generated_Source\PSoC5\ErikaOS_ee_terminat.c</File>
          <File BuildType="BUILD" Toolchain="">Generated_Source\PSoC5\ErikaOS_ee_thendin.c</File>
          <File BuildType="BUILD" Toolchain="">Generated_Source\PSoC5\ErikaOS_ee_tnterm.c</File>
          <File BuildType="BUILD" Toolchain="">Generated_Source\PSoC5\ErikaOS_ee_tstub.c</File>
          <File BuildType="BUILD" Toolchain="">Generated_Source\PSoC5\ErikaOS_ee_ulockallres.c</File>
          <File BuildType="BUILD" Toolchain="">Generated_Source\PSoC5\ErikaOS_ee_ulockres.c</File>
          <File BuildType="BUILD" Toolchain="">Generated_Source\PSoC5\ErikaOS_cortex_mx_ee_context.inc</File>
          <File BuildType="BUILD" Toolchain="">Generated_Source\PSoC5\ErikaOS_cortex_mx_ee_cpu.inc</File>
          <File BuildType="BUILD" Toolchain="">Generated_Source\PSoC5\ErikaOS_cortex_mx_ee_internal.inc</File>
          <File BuildType="BUILD" Toolchain="">Generated_Source\PSoC5\ErikaOS_cortex_mx_ee_irq.inc</File>
          <File BuildType="BUILD" Toolchain="">Generated_Source\PSoC5\ErikaOS_cortex_mx_ee_irq_cng_cont.inc</File>
          <File BuildType="BUILD" Toolchain="">Generated_Source\PSoC5\ErikaOS_cortex_mx_ee_nvic.inc</File>
          <File BuildType="BUILD" Toolchain="">Generated_Source\PSoC5\ErikaOS_cortex_mx_ee_systick.inc</File>
          <File BuildType="BUILD" Toolchain="">Generated_Source\PSoC5\ErikaOS_cortex_mx_ee_context.c</File>
          <File BuildType="BUILD" Toolchain="">Generated_Source\PSoC5\ErikaOS_cortex_mx_ee_system_timer.c</File>
          <File BuildType="BUILD" Toolchain="">Generated_Source\PSoC5\ErikaOS_cortex_mx_ee_utils.c</File>
          <File BuildType="BUILD" Toolchain="">Generated_Source\PSoC5\ErikaOS_ee_gnu_change_context_isr.s</File>
          <File BuildType="BUILD" Toolchain="">Generated_Source\PSoC5\ErikaOS_ee_gnu_irq_stack.s</File>
          <File BuildType="BUILD" Toolchain="">Generated_Source\PSoC5\ErikaOS_ee_gnu_multi_context.s</File>
          <File BuildType="BUILD" Toolchain="">Generated_Source\PSoC5\ErikaOS_ee_gnu_oo.s</File>
          <File BuildType="BUILD" Toolchain="">Generated_Source\PSoC5\ErikaOS_common_ee_compiler_gcc.inc</File>
          <File BuildType="BUILD" Toolchain="">Generated_Source\PSoC5\ErikaOS_common_ee_hal_structs.inc</File>
          <File BuildType="BUILD" Toolchain="">Generated_Source\PSoC5\ErikaOS_common_ee_primitives.inc</File>
          <File BuildType="BUILD" Toolchain="">Generated_Source\PSoC5\ErikaOS_common_ee_types.inc</File>
          <File BuildType="BUILD" Toolchain="">Generated_Source\PSoC5\ErikaOS_common_ee_irqstub.inc</File>
          <File BuildType="BUILD" Toolchain="">Generated_Source\PSoC5\ErikaOS_common_ee_stdint.inc</File>
          <File BuildType="BUILD" Toolchain="">Generated_Source\PSoC5\ErikaOS_common_ee_hal_structs.c</File>
          <File BuildType="BUILD" Toolchain="">Generated_Source\PSoC5\ErikaOS_ee_as_kernel.inc</File>
          <File BuildType="BUILD" Toolchain="">Generated_Source\PSoC5\ErikaOS_ee_as_timing_prot.inc</File>
          <File BuildType="BUILD" Toolchain="">Generated_Source\PSoC5\ErikaOS_ee_as_internal.inc</File>
          <File BuildType="BUILD" Toolchain="">Generated_Source\PSoC5\ErikaOS_eecfg.c</File>
          <File BuildType="BUILD" Toolchain="">Generated_Source\PSoC5\ErikaOS_eecfg.inc</File>
          <File BuildType="BUILD" Toolchain="">Generated_Source\PSoC5\ErikaOS_task_priorities.inc</File>
          <File BuildType="BUILD" Toolchain="">Generated_Source\PSoC5\ErikaOS_event_definition.inc</File>
          <File BuildType="BUILD" Toolchain="">Generated_Source\PSoC5\ErikaOS_resource_priorities.inc</File>
          <File BuildType="BUILD" Toolchain="">Generated_Source\PSoC5\ErikaOS_ISR_definition.inc</File>
          <File BuildType="BUILD" Toolchain="">Generated_Source\PSoC5\ErikaOS_ee_tracing.h</File>
          <File BuildType="BUILD" Toolchain="">Generated_Source\PSoC5\LED_green_aliases.h</File>
          <File BuildType="BUILD" Toolchain="">Generated_Source\PSoC5\LED_green.c</File>
          <File BuildType="BUILD" Toolchain="">Generated_Source\PSoC5\LED_green.h</File>
          <File BuildType="BUILD" Toolchain="">Generated_Source\PSoC5\LED_orange_aliases.h</File>
          <File BuildType="BUILD" Toolchain="">Generated_Source\PSoC5\LED_orange.c</File>
          <File BuildType="BUILD" Toolchain="">Generated_Source\PSoC5\LED_orange.h</File>
          <File BuildType="BUILD" Toolchain="">Generated_Source\PSoC5\LED_red_aliases.h</File>
          <File BuildType="BUILD" Toolchain="">Generated_Source\PSoC5\LED_red.c</File>
          <File BuildType="BUILD" Toolchain="">Generated_Source\PSoC5\LED_red.h</File>
          <File BuildType="BUILD" Toolchain="">Generated_Source\PSoC5\UART_LOG.c</File>
          <File BuildType="BUILD" Toolchain="">Generated_Source\PSoC5\UART_LOG.h</File>
          <File BuildType="BUILD" Toolchain="">Generated_Source\PSoC5\UART_LOG_PM.c</File>
          <File BuildType="BUILD" Toolchain="">Generated_Source\PSoC5\UART_LOG_INT.c</File>
          <File BuildType="BUILD" Toolchain="">Generated_Source\PSoC5\UART_LOG_BOOT.c</File>
          <File BuildType="BUILD" Toolchain="">Generated_Source\PSoC5\UART_LOG_IntClock.c</File>
          <File BuildType="BUILD" Toolchain="">Generated_Source\PSoC5\UART_LOG_IntClock.h</File>
          <File BuildType="BUILD" Toolchain="">Generated_Source\PSoC5\ADC_DelSig.c</File>
          <File BuildType="BUILD" Toolchain="">Generated_Source\PSoC5\ADC_DelSig.h</File>
          <File BuildType="BUILD" Toolchain="">Generated_Source\PSoC5\ADC_DelSig_PM.c</File>
          <File BuildType="BUILD" Toolchain="">Generated_Source\PSoC5\ADC_DelSig_INT.c</File>
          <File BuildType="BUILD" Toolchain="">Generated_Source\PSoC5\ADC_DelSig_AMux.c</File>
          <File BuildType="BUILD" Toolchain="">Generated_Source\PSoC5\ADC_DelSig_AMux.h</File>
          <File BuildType="BUILD" Toolchain="">Generated_Source\PSoC5\ADC_DelSig_Ext_CP_Clk.c</File>
          <File BuildType="BUILD" Toolchain="">Generated_Source\PSoC5\ADC_DelSig_Ext_CP_Clk.h</File>
          <File BuildType="BUILD" Toolchain="">Generated_Source\PSoC5\ADC_DelSig_IRQ.c</File>
          <File BuildType="BUILD" Toolchain="">Generated_Source\PSoC5\ADC_DelSig_IRQ.h</File>
          <File BuildType="BUILD" Toolchain="">Generated_Source\PSoC5\ADC_DelSig_theACLK.c</File>
          <File BuildType="BUILD" Toolchain="">Generated_Source\PSoC5\ADC_DelSig_theACLK.h</File>
          <File BuildType="BUILD" Toolchain="">Generated_Source\PSoC5\DMA_ADC_MEM_dma.c</File>
          <File BuildType="BUILD" Toolchain="">Generated_Source\PSoC5\DMA_ADC_MEM_dma.h</File>
          <File BuildType="BUILD" Toolchain="">Generated_Source\PSoC5\isr_DMA_ADC_MEM.c</File>
          <File BuildType="BUILD" Toolchain="">Generated_Source\PSoC5\isr_DMA_ADC_MEM.h</File>
          <File BuildType="BUILD" Toolchain="">Generated_Source\PSoC5\DMA_MEM_UART_dma.c</File>
          <File BuildType="BUILD" Toolchain="">Generated_Source\PSoC5\DMA_MEM_UART_dma.h</File>
          <File BuildType="BUILD" Toolchain="">Generated_Source\PSoC5\isr_DMA_MEM_UART.c</File>
          <File BuildType="BUILD" Toolchain="">Generated_Source\PSoC5\isr_DMA_MEM_UART.h</File>
          <File BuildType="BUILD" Toolchain="">Generated_Source\PSoC5\isr_pushButton.c</File>
          <File BuildType="BUILD" Toolchain="">Generated_Source\PSoC5\isr_pushButton.h</File>
          <File BuildType="BUILD" Toolchain="">Generated_Source\PSoC5\isr_UART_Rx.c</File>
          <File BuildType="BUILD" Toolchain="">Generated_Source\PSoC5\isr_UART_Rx.h</File>
          <File BuildType="BUILD" Toolchain="">Generated_Source\PSoC5\Clock_DMA_MEM_UART.c</File>
          <File BuildType="BUILD" Toolchain="">Generated_Source\PSoC5\Clock_DMA_MEM_UART.h</File>
          <File BuildType="BUILD" Toolchain="">Generated_Source\PSoC5\ADC_In_aliases.h</File>
          <File BuildType="BUILD" Toolchain="">Generated_Source\PSoC5\ADC_In.c</File>
          <File BuildType="BUILD" Toolchain="">Generated_Source\PSoC5\ADC_In.h</File>
          <File BuildType="BUILD" Toolchain="">Generated_Source\PSoC5\DMA_FFT_UART_dma.c</File>
          <File BuildType="BUILD" Toolchain="">Generated_Source\PSoC5\DMA_FFT_UART_dma.h</File>
          <File BuildType="BUILD" Toolchain="">Generated_Source\PSoC5\Clock_DMA_FFT_UART.c</File>
          <File BuildType="BUILD" Toolchain="">Generated_Source\PSoC5\Clock_DMA_FFT_UART.h</File>
          <File BuildType="BUILD" Toolchain="">Generated_Source\PSoC5\isr_DMA_FFT_UART.c</File>
          <File BuildType="BUILD" Toolchain="">Generated_Source\PSoC5\isr_DMA_FFT_UART.h</File>
        </Files>
      </Folder>
      <Folder BuildType="STRICT" Path="C:\Users\zakis\Documents\SDHD_LAB\MovementDetector\40_Implementation\20_SW\10_work\MovementDetector\RADAR_Movement_Detector.cydsn\Export\ARM_GCC_Generic">
        <Files Root="C:\Users\zakis\Documents\SDHD_LAB\MovementDetector\40_Implementation\20_SW\10_work\MovementDetector\RADAR_Movement_Detector.cydsn">
          <File BuildType="BUILD" Toolchain="ARM GCC Generic">.\Export\ARM_GCC_Generic\CyComponentLibrary.a</File>
        </Files>
      </Folder>
      <Folder BuildType="STRICT" Path="C:\Users\zakis\Documents\SDHD_LAB\MovementDetector\40_Implementation\20_SW\10_work\MovementDetector\RADAR_Movement_Detector.cydsn\Export\ARM_MDK_Generic">
        <Files Root="C:\Users\zakis\Documents\SDHD_LAB\MovementDetector\40_Implementation\20_SW\10_work\MovementDetector\RADAR_Movement_Detector.cydsn">
          <File BuildType="BUILD" Toolchain="ARM MDK Generic">.\Export\ARM_MDK_Generic\CyComponentLibrary.a</File>
        </Files>
      </Folder>
      <Folder BuildType="STRICT" Path="C:\Users\zakis\Documents\SDHD_LAB\MovementDetector\40_Implementation\20_SW\10_work\MovementDetector\RADAR_Movement_Detector.cydsn\Export\ARM_IAR_Generic">
        <Files Root="C:\Users\zakis\Documents\SDHD_LAB\MovementDetector\40_Implementation\20_SW\10_work\MovementDetector\RADAR_Movement_Detector.cydsn">
          <File BuildType="BUILD" Toolchain="ARM IAR Generic">.\Export\ARM_IAR_Generic\CyComponentLibrary.a</File>
        </Files>
      </Folder>
      <Folder BuildType="EXCLUDE" Path=".\codegentemp">
        <Files Root="C:\Users\zakis\Documents\SDHD_LAB\MovementDetector\40_Implementation\20_SW\10_work\MovementDetector\RADAR_Movement_Detector.cydsn" />
      </Folder>
      <Folder BuildType="EXCLUDE" Path=".\ARM_GCC_441">
        <Files Root="C:\Users\zakis\Documents\SDHD_LAB\MovementDetector\40_Implementation\20_SW\10_work\MovementDetector\RADAR_Movement_Detector.cydsn" />
      </Folder>
      <Folder BuildType="EXCLUDE" Path=".\ARM_GCC_473">
        <Files Root="C:\Users\zakis\Documents\SDHD_LAB\MovementDetector\40_Implementation\20_SW\10_work\MovementDetector\RADAR_Movement_Detector.cydsn" />
      </Folder>
      <Folder BuildType="EXCLUDE" Path=".\DP8051_Keil_952">
        <Files Root="C:\Users\zakis\Documents\SDHD_LAB\MovementDetector\40_Implementation\20_SW\10_work\MovementDetector\RADAR_Movement_Detector.cydsn" />
      </Folder>
      <Folder BuildType="EXCLUDE" Path=".\DP8051">
        <Files Root="C:\Users\zakis\Documents\SDHD_LAB\MovementDetector\40_Implementation\20_SW\10_work\MovementDetector\RADAR_Movement_Detector.cydsn" />
      </Folder>
      <Folder BuildType="EXCLUDE" Path=".\CortexM0">
        <Files Root="C:\Users\zakis\Documents\SDHD_LAB\MovementDetector\40_Implementation\20_SW\10_work\MovementDetector\RADAR_Movement_Detector.cydsn" />
      </Folder>
      <Folder BuildType="EXCLUDE" Path=".\CortexM0p">
        <Files Root="C:\Users\zakis\Documents\SDHD_LAB\MovementDetector\40_Implementation\20_SW\10_work\MovementDetector\RADAR_Movement_Detector.cydsn" />
      </Folder>
      <Folder BuildType="EXCLUDE" Path=".\CortexM3">
        <Files Root="C:\Users\zakis\Documents\SDHD_LAB\MovementDetector\40_Implementation\20_SW\10_work\MovementDetector\RADAR_Movement_Detector.cydsn" />
      </Folder>
      <Folder BuildType="EXCLUDE" Path=".\CortexM4">
        <Files Root="C:\Users\zakis\Documents\SDHD_LAB\MovementDetector\40_Implementation\20_SW\10_work\MovementDetector\RADAR_Movement_Detector.cydsn" />
      </Folder>
      <Folder BuildType="EXCLUDE" Path=".\CortexM7">
        <Files Root="C:\Users\zakis\Documents\SDHD_LAB\MovementDetector\40_Implementation\20_SW\10_work\MovementDetector\RADAR_Movement_Detector.cydsn" />
      </Folder>
      <Folder BuildType="EXCLUDE" Path="C:\Users\zakis\Documents\SDHD_LAB\MovementDetector\40_Implementation\20_SW\10_work\MovementDetector\RADAR_Movement_Detector.cydsn\ErikaOS_v2_5_3\API">
        <Files Root="C:\Users\zakis\Documents\SDHD_LAB\MovementDetector\40_Implementation\20_SW\10_work\MovementDetector\RADAR_Movement_Detector.cydsn">
          <File BuildType="EXCLUDE" Toolchain="">ErikaOS_v2_5_3\API\ee.h</File>
          <File BuildType="EXCLUDE" Toolchain="">ErikaOS_v2_5_3\API\ee_api.inc</File>
          <File BuildType="EXCLUDE" Toolchain="">ErikaOS_v2_5_3\API\ee_internal.inc</File>
          <File BuildType="EXCLUDE" Toolchain="">ErikaOS_v2_5_3\API\ee_irq.inc</File>
          <File BuildType="EXCLUDE" Toolchain="">ErikaOS_v2_5_3\API\ee_os.inc</File>
          <File BuildType="EXCLUDE" Toolchain="">ErikaOS_v2_5_3\API\ee_rtdruid_versions.inc</File>
          <File BuildType="EXCLUDE" Toolchain="">ErikaOS_v2_5_3\API\ee_oo_api.inc</File>
          <File BuildType="EXCLUDE" Toolchain="">ErikaOS_v2_5_3\API\ee_oo_common.inc</File>
          <File BuildType="EXCLUDE" Toolchain="">ErikaOS_v2_5_3\API\ee_oo_inline.inc</File>
          <File BuildType="EXCLUDE" Toolchain="">ErikaOS_v2_5_3\API\ee_oo_internal.inc</File>
          <File BuildType="EXCLUDE" Toolchain="">ErikaOS_v2_5_3\API\ee_oo_intfunc.inc</File>
          <File BuildType="EXCLUDE" Toolchain="">ErikaOS_v2_5_3\API\ee_oo_irq.inc</File>
          <File BuildType="EXCLUDE" Toolchain="">ErikaOS_v2_5_3\API\ee_oo_kernel.inc</File>
          <File BuildType="EXCLUDE" Toolchain="">ErikaOS_v2_5_3\API\ee_activate.c</File>
          <File BuildType="EXCLUDE" Toolchain="">ErikaOS_v2_5_3\API\ee_alcancel.c</File>
          <File BuildType="EXCLUDE" Toolchain="">ErikaOS_v2_5_3\API\ee_alget.c</File>
          <File BuildType="EXCLUDE" Toolchain="">ErikaOS_v2_5_3\API\ee_algetbase.c</File>
          <File BuildType="EXCLUDE" Toolchain="">ErikaOS_v2_5_3\API\ee_alsetabs.c</File>
          <File BuildType="EXCLUDE" Toolchain="">ErikaOS_v2_5_3\API\ee_alsetrel.c</File>
          <File BuildType="EXCLUDE" Toolchain="">ErikaOS_v2_5_3\API\ee_altick.c</File>
          <File BuildType="EXCLUDE" Toolchain="">ErikaOS_v2_5_3\API\ee_chaintas.c</File>
          <File BuildType="EXCLUDE" Toolchain="">ErikaOS_v2_5_3\API\ee_evclear.c</File>
          <File BuildType="EXCLUDE" Toolchain="">ErikaOS_v2_5_3\API\ee_evget.c</File>
          <File BuildType="EXCLUDE" Toolchain="">ErikaOS_v2_5_3\API\ee_evset.c</File>
          <File BuildType="EXCLUDE" Toolchain="">ErikaOS_v2_5_3\API\ee_evwait.c</File>
          <File BuildType="EXCLUDE" Toolchain="">ErikaOS_v2_5_3\API\ee_force_schedule.c</File>
          <File BuildType="EXCLUDE" Toolchain="">ErikaOS_v2_5_3\API\ee_getcountervalue.c</File>
          <File BuildType="EXCLUDE" Toolchain="">ErikaOS_v2_5_3\API\ee_getelapsedvalue.c</File>
          <File BuildType="EXCLUDE" Toolchain="">ErikaOS_v2_5_3\API\ee_gettaskid.c</File>
          <File BuildType="EXCLUDE" Toolchain="">ErikaOS_v2_5_3\API\ee_gettaskstate.c</File>
          <File BuildType="EXCLUDE" Toolchain="">ErikaOS_v2_5_3\API\ee_iparam.c</File>
          <File BuildType="EXCLUDE" Toolchain="">ErikaOS_v2_5_3\API\ee_irqendin.c</File>
          <File BuildType="EXCLUDE" Toolchain="">ErikaOS_v2_5_3\API\ee_lockres.c</File>
          <File BuildType="EXCLUDE" Toolchain="">ErikaOS_v2_5_3\API\ee_lookup.c</File>
          <File BuildType="EXCLUDE" Toolchain="">ErikaOS_v2_5_3\API\ee_rq_exchg.c</File>
          <File BuildType="EXCLUDE" Toolchain="">ErikaOS_v2_5_3\API\ee_rq_first.c</File>
          <File BuildType="EXCLUDE" Toolchain="">ErikaOS_v2_5_3\API\ee_rq_inser.c</File>
          <File BuildType="EXCLUDE" Toolchain="">ErikaOS_v2_5_3\API\ee_schedule.c</File>
          <File BuildType="EXCLUDE" Toolchain="">ErikaOS_v2_5_3\API\ee_semgetvalue.c</File>
          <File BuildType="EXCLUDE" Toolchain="">ErikaOS_v2_5_3\API\ee_sempost.c</File>
          <File BuildType="EXCLUDE" Toolchain="">ErikaOS_v2_5_3\API\ee_semtrywait.c</File>
          <File BuildType="EXCLUDE" Toolchain="">ErikaOS_v2_5_3\API\ee_semwait.c</File>
          <File BuildType="EXCLUDE" Toolchain="">ErikaOS_v2_5_3\API\ee_shtdown.c</File>
          <File BuildType="EXCLUDE" Toolchain="">ErikaOS_v2_5_3\API\ee_startos.c</File>
          <File BuildType="EXCLUDE" Toolchain="">ErikaOS_v2_5_3\API\ee_terminat.c</File>
          <File BuildType="EXCLUDE" Toolchain="">ErikaOS_v2_5_3\API\ee_thendin.c</File>
          <File BuildType="EXCLUDE" Toolchain="">ErikaOS_v2_5_3\API\ee_tnterm.c</File>
          <File BuildType="EXCLUDE" Toolchain="">ErikaOS_v2_5_3\API\ee_tstub.c</File>
          <File BuildType="EXCLUDE" Toolchain="">ErikaOS_v2_5_3\API\ee_ulockallres.c</File>
          <File BuildType="EXCLUDE" Toolchain="">ErikaOS_v2_5_3\API\ee_ulockres.c</File>
          <File BuildType="EXCLUDE" Toolchain="">ErikaOS_v2_5_3\API\cortex_mx_ee_context.inc</File>
          <File BuildType="EXCLUDE" Toolchain="">ErikaOS_v2_5_3\API\cortex_mx_ee_cpu.inc</File>
          <File BuildType="EXCLUDE" Toolchain="">ErikaOS_v2_5_3\API\cortex_mx_ee_internal.inc</File>
          <File BuildType="EXCLUDE" Toolchain="">ErikaOS_v2_5_3\API\cortex_mx_ee_irq.inc</File>
          <File BuildType="EXCLUDE" Toolchain="">ErikaOS_v2_5_3\API\cortex_mx_ee_irq_cng_cont.inc</File>
          <File BuildType="EXCLUDE" Toolchain="">ErikaOS_v2_5_3\API\cortex_mx_ee_nvic.inc</File>
          <File BuildType="EXCLUDE" Toolchain="">ErikaOS_v2_5_3\API\cortex_mx_ee_systick.inc</File>
          <File BuildType="EXCLUDE" Toolchain="">ErikaOS_v2_5_3\API\cortex_mx_ee_context.c</File>
          <File BuildType="EXCLUDE" Toolchain="">ErikaOS_v2_5_3\API\cortex_mx_ee_system_timer.c</File>
          <File BuildType="EXCLUDE" Toolchain="">ErikaOS_v2_5_3\API\cortex_mx_ee_utils.c</File>
          <File BuildType="EXCLUDE" Toolchain="">ErikaOS_v2_5_3\API\ee_gnu_change_context_isr.s</File>
          <File BuildType="EXCLUDE" Toolchain="">ErikaOS_v2_5_3\API\ee_gnu_irq_stack.s</File>
          <File BuildType="EXCLUDE" Toolchain="">ErikaOS_v2_5_3\API\ee_gnu_multi_context.s</File>
          <File BuildType="EXCLUDE" Toolchain="">ErikaOS_v2_5_3\API\ee_gnu_oo.s</File>
          <File BuildType="EXCLUDE" Toolchain="">ErikaOS_v2_5_3\API\common_ee_compiler_gcc.inc</File>
          <File BuildType="EXCLUDE" Toolchain="">ErikaOS_v2_5_3\API\common_ee_hal_structs.inc</File>
          <File BuildType="EXCLUDE" Toolchain="">ErikaOS_v2_5_3\API\common_ee_primitives.inc</File>
          <File BuildType="EXCLUDE" Toolchain="">ErikaOS_v2_5_3\API\common_ee_types.inc</File>
          <File BuildType="EXCLUDE" Toolchain="">ErikaOS_v2_5_3\API\common_ee_irqstub.inc</File>
          <File BuildType="EXCLUDE" Toolchain="">ErikaOS_v2_5_3\API\common_ee_stdint.inc</File>
          <File BuildType="EXCLUDE" Toolchain="">ErikaOS_v2_5_3\API\common_ee_hal_structs.c</File>
          <File BuildType="EXCLUDE" Toolchain="">ErikaOS_v2_5_3\API\ee_as_kernel.inc</File>
          <File BuildType="EXCLUDE" Toolchain="">ErikaOS_v2_5_3\API\ee_as_timing_prot.inc</File>
          <File BuildType="EXCLUDE" Toolchain="">ErikaOS_v2_5_3\API\ee_as_internal.inc</File>
          <File BuildType="EXCLUDE" Toolchain="">ErikaOS_v2_5_3\API\eecfg.c</File>
          <File BuildType="EXCLUDE" Toolchain="">ErikaOS_v2_5_3\API\eecfg.inc</File>
          <File BuildType="EXCLUDE" Toolchain="">ErikaOS_v2_5_3\API\task_priorities.inc</File>
          <File BuildType="EXCLUDE" Toolchain="">ErikaOS_v2_5_3\API\event_definition.inc</File>
          <File BuildType="EXCLUDE" Toolchain="">ErikaOS_v2_5_3\API\resource_priorities.inc</File>
          <File BuildType="EXCLUDE" Toolchain="">ErikaOS_v2_5_3\API\ISR_definition.inc</File>
          <File BuildType="EXCLUDE" Toolchain="">ErikaOS_v2_5_3\API\ee_tracing.h</File>
        </Files>
      </Folder>
    </Folders>
  </Project>
</PSoCCreatorIdeExport>